ecosystem,packageName,name,displayName,description,recipeCount,category1,category2,category3,category4,dataTables
maven,dev.mboegie.rewrite:release-train-metro-plan,dev.mboegie.rewrite.releasemetro.FindGradleParentRelationships,Find Gradle project hierarchy relationships,Find Gradle parent-child project relationships in multi-project builds to understand project hierarchies.,1,Releasemetro,Rewrite,Mboegie,Dev,"[{""name"":""dev.mboegie.rewrite.releasemetro.table.ParentRelationships"",""displayName"":""Maven Parent and Gradle Project Hierarchies"",""description"":""Relationships between child projects and their parent POMs or Gradle parent projects."",""columns"":[{""name"":""childGroupId"",""type"":""String"",""displayName"":""childGroupId"",""description"":""Group ID of the child project""},{""name"":""childArtifactId"",""type"":""String"",""displayName"":""childArtifactId"",""description"":""Artifact ID of the child project""},{""name"":""parentGroupId"",""type"":""String"",""displayName"":""parentGroupId"",""description"":""Group ID of the parent project""},{""name"":""parentArtifactId"",""type"":""String"",""displayName"":""parentArtifactId"",""description"":""Artifact ID of the parent project""},{""name"":""parentVersion"",""type"":""String"",""displayName"":""parentVersion"",""description"":""Version of the parent project""},{""name"":""hierarchyType"",""type"":""String"",""displayName"":""hierarchyType"",""description"":""Type of hierarchy relationship (MAVEN_PARENT or GRADLE_PARENT)""}]}]"
maven,dev.mboegie.rewrite:release-train-metro-plan,dev.mboegie.rewrite.releasemetro.FindGradleProjectIDs,Find Gradle project IDs,Find Gradle project IDs in build.gradle files to determine the project ID.,1,Releasemetro,Rewrite,Mboegie,Dev,"[{""name"":""dev.mboegie.rewrite.releasemetro.table.ProjectCoordinates"",""displayName"":""Maven or Gradle Artifact coordinates IDs"",""description"":""Maven Modules or Gradle (sub-)project groupId and artifactId."",""columns"":[{""name"":""groupId"",""type"":""String"",""displayName"":""groupId"",""description"":""Group ID of the current module/subproject""},{""name"":""artifactId"",""type"":""String"",""displayName"":""artifactId"",""description"":""Artifact ID of the current module/subproject""}]}]"
maven,dev.mboegie.rewrite:release-train-metro-plan,dev.mboegie.rewrite.releasemetro.FindMavenParentRelationships,Find Maven parent relationships,Find Maven parent POM relationships to understand project hierarchies in multi-module builds.,1,Releasemetro,Rewrite,Mboegie,Dev,"[{""name"":""dev.mboegie.rewrite.releasemetro.table.ParentRelationships"",""displayName"":""Maven Parent and Gradle Project Hierarchies"",""description"":""Relationships between child projects and their parent POMs or Gradle parent projects."",""columns"":[{""name"":""childGroupId"",""type"":""String"",""displayName"":""childGroupId"",""description"":""Group ID of the child project""},{""name"":""childArtifactId"",""type"":""String"",""displayName"":""childArtifactId"",""description"":""Artifact ID of the child project""},{""name"":""parentGroupId"",""type"":""String"",""displayName"":""parentGroupId"",""description"":""Group ID of the parent project""},{""name"":""parentArtifactId"",""type"":""String"",""displayName"":""parentArtifactId"",""description"":""Artifact ID of the parent project""},{""name"":""parentVersion"",""type"":""String"",""displayName"":""parentVersion"",""description"":""Version of the parent project""},{""name"":""hierarchyType"",""type"":""String"",""displayName"":""hierarchyType"",""description"":""Type of hierarchy relationship (MAVEN_PARENT or GRADLE_PARENT)""}]}]"
maven,dev.mboegie.rewrite:release-train-metro-plan,dev.mboegie.rewrite.releasemetro.FindMavenProjectIDs,Find maven project IDs,Find Maven group Id and artifactId in pom.xml files to determine the project ID.,1,Releasemetro,Rewrite,Mboegie,Dev,"[{""name"":""dev.mboegie.rewrite.releasemetro.table.ProjectCoordinates"",""displayName"":""Maven or Gradle Artifact coordinates IDs"",""description"":""Maven Modules or Gradle (sub-)project groupId and artifactId."",""columns"":[{""name"":""groupId"",""type"":""String"",""displayName"":""groupId"",""description"":""Group ID of the current module/subproject""},{""name"":""artifactId"",""type"":""String"",""displayName"":""artifactId"",""description"":""Artifact ID of the current module/subproject""}]}]"
maven,dev.mboegie.rewrite:release-train-metro-plan,dev.mboegie.rewrite.releasemetro.FindPotentiallyUnusedDependencies,Find potentially unused dependencies,Collects import information to help identify potentially unused dependencies.,1,Releasemetro,Rewrite,Mboegie,Dev,"[{""name"":""dev.mboegie.rewrite.releasemetro.table.UnusedDependencies"",""displayName"":""Potentially Unused Dependencies"",""description"":""Dependencies that are declared in build files but may not be used based on import analysis."",""columns"":[{""name"":""dependencyGroupId"",""type"":""String"",""displayName"":""dependencyGroupId"",""description"":""Group ID of the potentially unused dependency""},{""name"":""dependencyArtifactId"",""type"":""String"",""displayName"":""dependencyArtifactId"",""description"":""Artifact ID of the potentially unused dependency""},{""name"":""dependencyVersion"",""type"":""String"",""displayName"":""dependencyVersion"",""description"":""Version of the potentially unused dependency""},{""name"":""dependencyScope"",""type"":""String"",""displayName"":""dependencyScope"",""description"":""Scope of the dependency (compile, test, etc.)""},{""name"":""isDirect"",""type"":""Boolean"",""displayName"":""isDirect"",""description"":""Whether this is a direct dependency (not transitive)""},{""name"":""reasonSuspected"",""type"":""String"",""displayName"":""reasonSuspected"",""description"":""Reason why this dependency is suspected to be unused""}]}]"
maven,dev.mboegie.rewrite:release-train-metro-plan,dev.mboegie.rewrite.releasemetro.ReleaseMetroPlan,Analyse Organization's Release Metro Plan,Gathers the basic information to create and understand the organizations release train metro plan.,19,Releasemetro,Rewrite,Mboegie,Dev,"[{""name"":""dev.mboegie.rewrite.releasemetro.table.ProjectCoordinates"",""displayName"":""Maven or Gradle Artifact coordinates IDs"",""description"":""Maven Modules or Gradle (sub-)project groupId and artifactId."",""columns"":[{""name"":""groupId"",""type"":""String"",""displayName"":""groupId"",""description"":""Group ID of the current module/subproject""},{""name"":""artifactId"",""type"":""String"",""displayName"":""artifactId"",""description"":""Artifact ID of the current module/subproject""}]},{""name"":""dev.mboegie.rewrite.releasemetro.table.ParentRelationships"",""displayName"":""Maven Parent and Gradle Project Hierarchies"",""description"":""Relationships between child projects and their parent POMs or Gradle parent projects."",""columns"":[{""name"":""childGroupId"",""type"":""String"",""displayName"":""childGroupId"",""description"":""Group ID of the child project""},{""name"":""childArtifactId"",""type"":""String"",""displayName"":""childArtifactId"",""description"":""Artifact ID of the child project""},{""name"":""parentGroupId"",""type"":""String"",""displayName"":""parentGroupId"",""description"":""Group ID of the parent project""},{""name"":""parentArtifactId"",""type"":""String"",""displayName"":""parentArtifactId"",""description"":""Artifact ID of the parent project""},{""name"":""parentVersion"",""type"":""String"",""displayName"":""parentVersion"",""description"":""Version of the parent project""},{""name"":""hierarchyType"",""type"":""String"",""displayName"":""hierarchyType"",""description"":""Type of hierarchy relationship (MAVEN_PARENT or GRADLE_PARENT)""}]},{""name"":""dev.mboegie.rewrite.releasemetro.table.UnusedDependencies"",""displayName"":""Potentially Unused Dependencies"",""description"":""Dependencies that are declared in build files but may not be used based on import analysis."",""columns"":[{""name"":""dependencyGroupId"",""type"":""String"",""displayName"":""dependencyGroupId"",""description"":""Group ID of the potentially unused dependency""},{""name"":""dependencyArtifactId"",""type"":""String"",""displayName"":""dependencyArtifactId"",""description"":""Artifact ID of the potentially unused dependency""},{""name"":""dependencyVersion"",""type"":""String"",""displayName"":""dependencyVersion"",""description"":""Version of the potentially unused dependency""},{""name"":""dependencyScope"",""type"":""String"",""displayName"":""dependencyScope"",""description"":""Scope of the dependency (compile, test, etc.)""},{""name"":""isDirect"",""type"":""Boolean"",""displayName"":""isDirect"",""description"":""Whether this is a direct dependency (not transitive)""},{""name"":""reasonSuspected"",""type"":""String"",""displayName"":""reasonSuspected"",""description"":""Reason why this dependency is suspected to be unused""}]},{""name"":""org.openrewrite.maven.table.DependenciesInUse"",""displayName"":""Dependencies in use"",""description"":""Direct and transitive dependencies in use."",""columns"":[{""name"":""projectName"",""type"":""String"",""displayName"":""Project name"",""description"":""The name of the project that contains the dependency.""},{""name"":""sourceSet"",""type"":""String"",""displayName"":""Source set"",""description"":""The source set that contains the dependency.""},{""name"":""groupId"",""type"":""String"",""displayName"":""Group"",""description"":""The first part of a dependency coordinate `com.google.guava:guava:VERSION`.""},{""name"":""artifactId"",""type"":""String"",""displayName"":""Artifact"",""description"":""The second part of a dependency coordinate `com.google.guava:guava:VERSION`.""},{""name"":""version"",""type"":""String"",""displayName"":""Version"",""description"":""The resolved version.""},{""name"":""datedSnapshotVersion"",""type"":""String"",""displayName"":""Dated snapshot version"",""description"":""The resolved dated snapshot version or `null` if this dependency is not a snapshot.""},{""name"":""scope"",""type"":""String"",""displayName"":""Scope"",""description"":""Dependency scope. This will be `compile` if the dependency is direct and a scope is not explicitly specified in the POM.""},{""name"":""count"",""type"":""Integer"",""displayName"":""Count"",""description"":""How many times does this dependency appear.""}]}]"
maven,dev.mboegie.rewrite:release-train-metro-plan,dev.mboegie.rewrite.releasemetro.FindProjectIDs,Find Project IDs,Find group and artifact ID from gradle and maven projects.,5,Releasemetro,Rewrite,Mboegie,Dev,"[{""name"":""dev.mboegie.rewrite.releasemetro.table.ProjectCoordinates"",""displayName"":""Maven or Gradle Artifact coordinates IDs"",""description"":""Maven Modules or Gradle (sub-)project groupId and artifactId."",""columns"":[{""name"":""groupId"",""type"":""String"",""displayName"":""groupId"",""description"":""Group ID of the current module/subproject""},{""name"":""artifactId"",""type"":""String"",""displayName"":""artifactId"",""description"":""Artifact ID of the current module/subproject""}]}]"
maven,dev.mboegie.rewrite:release-train-metro-plan,dev.mboegie.rewrite.releasemetro.FindParentRelationships,Find Parent Relationships,Find Maven parent POM and Gradle parent project relationships.,5,Releasemetro,Rewrite,Mboegie,Dev,"[{""name"":""dev.mboegie.rewrite.releasemetro.table.ParentRelationships"",""displayName"":""Maven Parent and Gradle Project Hierarchies"",""description"":""Relationships between child projects and their parent POMs or Gradle parent projects."",""columns"":[{""name"":""childGroupId"",""type"":""String"",""displayName"":""childGroupId"",""description"":""Group ID of the child project""},{""name"":""childArtifactId"",""type"":""String"",""displayName"":""childArtifactId"",""description"":""Artifact ID of the child project""},{""name"":""parentGroupId"",""type"":""String"",""displayName"":""parentGroupId"",""description"":""Group ID of the parent project""},{""name"":""parentArtifactId"",""type"":""String"",""displayName"":""parentArtifactId"",""description"":""Artifact ID of the parent project""},{""name"":""parentVersion"",""type"":""String"",""displayName"":""parentVersion"",""description"":""Version of the parent project""},{""name"":""hierarchyType"",""type"":""String"",""displayName"":""hierarchyType"",""description"":""Type of hierarchy relationship (MAVEN_PARENT or GRADLE_PARENT)""}]}]"
maven,dev.mboegie.rewrite:release-train-metro-plan,dev.mboegie.rewrite.releasemetro.FindUnusedDependencies,Find Unused Dependencies,Identify dependencies that are declared but potentially unused by analyzing imports and type usage.,5,Releasemetro,Rewrite,Mboegie,Dev,"[{""name"":""dev.mboegie.rewrite.releasemetro.table.UnusedDependencies"",""displayName"":""Potentially Unused Dependencies"",""description"":""Dependencies that are declared in build files but may not be used based on import analysis."",""columns"":[{""name"":""dependencyGroupId"",""type"":""String"",""displayName"":""dependencyGroupId"",""description"":""Group ID of the potentially unused dependency""},{""name"":""dependencyArtifactId"",""type"":""String"",""displayName"":""dependencyArtifactId"",""description"":""Artifact ID of the potentially unused dependency""},{""name"":""dependencyVersion"",""type"":""String"",""displayName"":""dependencyVersion"",""description"":""Version of the potentially unused dependency""},{""name"":""dependencyScope"",""type"":""String"",""displayName"":""dependencyScope"",""description"":""Scope of the dependency (compile, test, etc.)""},{""name"":""isDirect"",""type"":""Boolean"",""displayName"":""isDirect"",""description"":""Whether this is a direct dependency (not transitive)""},{""name"":""reasonSuspected"",""type"":""String"",""displayName"":""reasonSuspected"",""description"":""Reason why this dependency is suspected to be unused""}]},{""name"":""org.openrewrite.maven.table.DependenciesInUse"",""displayName"":""Dependencies in use"",""description"":""Direct and transitive dependencies in use."",""columns"":[{""name"":""projectName"",""type"":""String"",""displayName"":""Project name"",""description"":""The name of the project that contains the dependency.""},{""name"":""sourceSet"",""type"":""String"",""displayName"":""Source set"",""description"":""The source set that contains the dependency.""},{""name"":""groupId"",""type"":""String"",""displayName"":""Group"",""description"":""The first part of a dependency coordinate `com.google.guava:guava:VERSION`.""},{""name"":""artifactId"",""type"":""String"",""displayName"":""Artifact"",""description"":""The second part of a dependency coordinate `com.google.guava:guava:VERSION`.""},{""name"":""version"",""type"":""String"",""displayName"":""Version"",""description"":""The resolved version.""},{""name"":""datedSnapshotVersion"",""type"":""String"",""displayName"":""Dated snapshot version"",""description"":""The resolved dated snapshot version or `null` if this dependency is not a snapshot.""},{""name"":""scope"",""type"":""String"",""displayName"":""Scope"",""description"":""Dependency scope. This will be `compile` if the dependency is direct and a scope is not explicitly specified in the POM.""},{""name"":""count"",""type"":""Integer"",""displayName"":""Count"",""description"":""How many times does this dependency appear.""}]}]"
